coder,volume_id,descriptive_title,full_description,n_files,thumbnail,investigator_1_lastname,investigator_1_party_id,sharing_level,funding_listed,comments
ars,1,yes,yes,128,yes,,,entire,yes,
ars,2,yes,yes,16,yes,gilmore,6,entire,yes,
ars,3,NA,NA,NA,NA,,,404 Not Found,NA,
ars,4,yes,yes,111,yes,,,entire,yes,
ars,5,yes,yes,231,yes,,,entire,yes,
ars,6,NA,NA,NA,NA,,,404 Not Found,NA,
ars,7,yes,yes,118,yes,,,entire,yes,
rog,8,yes,yes,4395,no,,,entire,yes,
rog,9,yes,yes,5,yes,,,entire,yes,
rog,10,yes,yes,6,no,,,entire,no,
rog,11,yes,yes,234,no,karasik,32,private,yes,
rog,12,yes,no,0,no,adolph,5,private,yes,no investigator associated with this project - Dylan removed 2015
rog,13,yes,yes,0,no,adolph,5,private,yes,no investigator associated with this project - Dylan removed 2015
rog,14,yes,yes,0,no,adolph,5,private,yes,no investigator associated with this project - Dylan removed 2015
rog,15,yes,yes,45,no,,,entire,yes,
rog,16,yes,yes,11,no,,,entire,yes,
rog,17,NA,NA,NA,NA,,,404 Not Found,NA,
rog,18,NA,NA,NA,NA,,,404 Not Found,NA,
rog,19,NA,NA,NA,NA,,,404 Not Found,NA,
rog,20,NA,NA,NA,NA,,,404 Not Found,NA,
rog,21,NA,NA,NA,NA,,,404 Not Found,NA,
rog,22,NA,NA,NA,NA,,,404 Not Found,NA,
rog,23,yes,yes,10,no,,,entire,yes,
rog,24,yes,yes,1,no,,,entire,yes,
sr,25,NA,NA,NA,NA,,,404 Not Found,NA,
sr,26,NA,NA,NA,NA,,,404 Not Found,NA,
sr,27,yes,yes,19,yes,,,entire,no,
sr,28,yes,yes,2,yes,,,entire,yes,"""You are not authorized to view this file"""
sr,29,yes,yes,3,yes,,,entire,no,
sr,30,yes,yes,1195,no,,,entire,yes,
sr,31,yes,yes,5,yes,,,entire,yes,
sr,32,yes,yes,1,yes,,,entire,yes,"""You are not authorized to view this file"""
sr,33,yes,yes,6,yes,,,entire,no,"""You are not authorized to view this file"""
sr,34,yes,yes,5,yes,,,entire,no,
sr,35,yes,yes,2,yes,,,entire,no,"""You are not authorized to view this file"""
sr,36,yes,yes,17,yes,,,entire,no,"""You are not authorized to view this file"""
sr,37,yes,yes,2,yes,,,entire,no,"""You are not authorized to view this file"""
sr,38,yes,yes,4,yes,,,entire,no,
sr,39,yes,no,0,no,wilkinson,245,private,no,
sr,40,yes,yes,1,no,,,entire,yes,
sr,41,yes,yes,1,yes,berthier,268,private,yes,"shared files, but private volume"
sr,42,yes,yes,42,yes,,,entire,no,"""You are not authorized to view this file"""
sr,43,yes,yes,2,yes,,,entire,no,"""You are not authorized to view this file"""
sr,44,yes,yes,1,yes,,,entire,no,
sr,45,yes,yes,6,yes,,,entire,yes,"""You are not authorized to view this file"""
sr,46,yes,yes,1,yes,,,entire,yes,
sr,47,yes,yes,1,yes,,,entire,no,"""You are not authorized to view this file"""
sr,48,NA,NA,NA,NA,,,404 Not Found,NA,
sr,49,yes,yes,1,yes,,,entire,yes,
sr,50,yes,yes,12,yes,,,entire,no,"""You are not authorized to view this file"""
sr,51,yes,yes,6,yes,,,entire,no,"""You are not authorized to view this file"""
sr,52,NA,NA,NA,NA,,,404 Not Found,NA,
sr,53,yes,yes,1,yes,,,entire,no,"""You are not authorized to view this file"""
sr,54,NA,NA,NA,NA,,,404 Not Found,NA,
sr,55,yes,yes,0,no,waxman,275,private,no,
sr,56,yes,yes,1,yes,waxman,275,private,no,"shared files, but private volume"
sr,57,yes,no,17,yes,hoffmann,117,private,no,"shared files, but private volume"
sr,58,yes,no,11,yes,yoshida,298,private,no,"shared files, but private volume"
sr,59,yes,yes,1,yes,amso,297,private,no,"shared files, but private volume"
sr,60,NA,NA,NA,NA,,,404 Not Found,NA,
sr,61,yes,yes,6,yes,,,entire,yes,"""You are not authorized to view this file"""
sr,62,yes,NA,1,yes,,,entire,yes,"""You are not authorized to view this file"""
sr,63,yes,yes,1,yes,amso,297,private,no,"shared files, but private volume"
sr,64,yes,yes,1,yes,,,entire,no,"""You are not authorized to view this file"""
sr,65,yes,yes,1,yes,,,entire,yes,"""You are not authorized to view this file"""
sr,66,NA,NA,NA,NA,,,404 Not Found,NA,
sr,67,no,yes,9,no,bergelson,61,private,yes,
svp,68,yes,yes,no,no,,,entire,yes,"""there are no files associated with this volume"""
svp,69,NA,NA,NA,NA,,,404 Not Found,NA,"""The resources you request may no longer be available, but first try logging in"""
svp,70,yes,yes,264,yes,,,entire,no,
svp,71,no,no,0,no,vishton,60,private,no,
svp,72,NA,NA,NA,NA,,,404 Not Found,NA,"""The resources you request may no longer be available, but first try logging in"""
svp,73,yes,yes,53,yes,,,entire,yes,
svp,74,NA,NA,NA,NA,,,404 Not Found,NA,"""The resources you request may no longer be available, but first try logging in"""
svp,75,yes,yes,10,yes,,,entire,yes,
svp,76,NA,NA,NA,NA,,,404 Not Found,NA,"""The resources you request may no longer be available, but first try logging in"""
svp,77,yes,yes,106,yes,,,entire,yes,
svp,78,NA,NA,NA,NA,,,404 Not Found,NA,"""The resources you request may no longer be available, but first try logging in"""
svp,79,yes,yes,6,no,,,entire,yes,
svp,80,NA,NA,NA,NA,,,404 Not Found,NA,"""The resources you request may no longer be available, but first try logging in"""
svp,81,yes,yes,3668,yes,,,entire,yes,
svp,82,NA,NA,NA,NA,,,404 Not Found,NA,"""The resources you request may no longer be available, but first try logging in"""
svp,83,yes,no,419,no,,,overview,yes,description is only a couple sentences
svp,84,yes,yes,102,no,,,entire,yes,
ars,85,yes,yes,0,no,alibali,327,private,no,
ars,86,yes,yes,12,yes,,,entire,yes,
ars,87,yes,yes,430,no,karasik,32,private,yes,
ars,88,yes,yes,197,video - doesn't work,adolph,5,private,yes,funding agency with missing funding number
ars,89,yes,yes,439,yes,,,entire,yes,
ars,90,yes,yes,629,yes,,,entire,yes,
ars,91,NA,NA,NA,NA,,,404 Not Found,NA,
ars,92,NA,NA,NA,NA,,,404 Not Found,NA,
ars,93,yes,yes,49,no,gelman,306,private,no,
ars,94,yes,yes,2,no,gelman,306,private,yes,
ars,95,yes,yes,0,no,,,entire,no,
ars,96,yes,yes,2,video - doesn't work,,,entire,yes,
ars,97,no,no,0,no,swift,435,private,no,
ars,98,yes,yes,108,yes,,,entire,no,
ars,99,yes,yes,11,no,,,entire,no,
ars,100,NA,NA,NA,NA,,,404 Not Found,NA,
ars,101,yes,no,59,no,,,overview,no,
ars,102,yes,yes,24,no,gelman,306,private,no,
ars,103,yes,yes,61,no,gelman,306,private,no,
ars,104,yes,yes,2,no,neiderhiser,330,private,yes,funding agency with missing funding number
ars,105,NA,NA,NA,NA,,,404 Not Found,NA,
ars,106,yes,NA,12,no,gilmore,6,private,no,DV training workshop
ars,107,no,no,4,no,gordon,293,private,yes,"Investigator is no longer at Databrary, unauthorized, funding agency with missing funding number; public files, but private release level"
ars,108,yes,yes,62,no,,,entire,no,"reference a procedure in description, it would be nice to be able to link to the article that is referenced"
ars,109,yes,no,0,no,,,entire,yes,
ars,110,NA,NA,NA,NA,,,404 Not Found,NA,
ars,111,yes,no,28,no,tamis-lemonda,11,private,yes,
ars,112,yes,yes,3,yes,,,entire,no,seems that datasets should be shared based upon description
ars,113,NA,NA,NA,NA,,,404 Not Found,NA,
ars,114,yes,yes,201,yes,,,entire,yes,
ars,115,yes,yes,0,no,donovan,398,private,no,
ars,116,yes,yes,12,no,,,entire,yes,
ars,117,NA,NA,NA,NA,,,404 Not Found,NA,
ars,118,no,no,92,no,frank,258,private,no,
ars,119,yes,yes,467,yes,,,overview,no,"shared with authorized users and learning audiences, but only volume overview shared"
ars,120,NA,NA,NA,NA,,,404 Not Found,NA,
ars,121,yes,yes,1,yes,,,entire,no,
ars,122,yes,yes,391,no,oakes,538,private,no,"description in phrases, not complete sentences"
ars,123,yes,yes,111,no,,,entire,yes,
ars,124,yes,yes,26,yes,,,entire,yes,
ars,125,NA,NA,NA,NA,,,404 Not Found,NA,
ars,126,NA,NA,NA,NA,,,404 Not Found,NA,
ars,127,NA,NA,NA,NA,,,404 Not Found,NA,
ars,128,NA,NA,NA,NA,,,404 Not Found,NA,
ars,129,NA,NA,NA,NA,,,404 Not Found,NA,
ars,130,NA,NA,NA,NA,,,404 Not Found,NA,
ars,131,yes,yes,0,no,oakes,538,private,no,
ars,132,yes,yes,22,no,adolph,5,private,no,
ars,133,yes,yes,1,no,deloache,264,private,no,
ars,134,yes,no,1,no,deloache,264,private,no,
ars,135,yes,yes,153,no,,,entire,yes,
ars,136,yes,yes,56,yes,,,entire,yes,video - doesn't work
ars,137,yes,yes,23,no,vishton,60,private,no,
ars,138,no,yes,6,no,fabricius,288,private,no,
ars,139,yes,yes,285,no,,,entire,no,"entire volume shared, but all files private"
ars,140,yes,yes,520,no,,,entire,yes,
ars,141,yes,no,159,no,bunce,718,private,no,"shared files, but private volume"
ars,142,no,no,1,no,adolph,5,private,yes,"shared files, but private volume"
ars,143,no,no,1117,no,,,overview,yes,
ars,144,yes,no,10,yes,gilmore,6,private,yes,"participants listed, but no participant files - only stimuli"
ars,145,yes,no,17,no,adolph,5,private,no,"shared files, but private volume"
ars,146,yes,no,4,yes,gilmore,6,private,no,"participants listed, but no participant files - only stimuli"
ars,147,no,no,18,no,weisberg,562,private,no,
ars,148,yes,yes,9,no,adolph,5,private,no,"shared files, but private volume"
ars,149,yes,no,155,no,weisberg,562,private,no,"shared files, but private volume"
ars,150,yes,no,110,no,,,entire,no,
rog,151,yes,no,28,no,weisberg,562,private,no,
rog,152,yes,no,151,no,adolph,5,private,yes,
rog,153,yes,no,0,no,pfautz,979,private,no,
rog,154,yes,no,90,no,pfautz,979,private,no,
rog,155,no,no,0,no,woodward,244,private,no,
rog,156,yes,no,0,no,woodward,244,private,no,
rog,157,NA,NA,NA,NA,,,404 Not Found,NA,
rog,158,NA,NA,NA,NA,,,404 Not Found,NA,
rog,159,yes,no,11098,no,devine,1107,private,no,"investigator, no institutional sponsor"
rog,160,no,no,26,yes,tamis-lemonda,11,private,no,
rog,161,yes,no,241,yes,goldstein,531,private,yes,
rog,162,yes,yes,125,no,,,entire,yes,
rog,163,yes,yes,75,no,,,entire,yes,
rog,164,yes,no,0,no,cordes,798,private,no,
rog,165,yes,yes,8,no,,,entire,no,
rog,166,yes,no,2072,no,smith,161,private,no,
rog,167,yes,no,1,no,professor,16,private,no,Test Volume - Databrary ADMIN
rog,168,no,no,84,no,raver,368,private,no,
rog,169,yes,yes,100,no,adolph,5,private,yes,"shared files, but private volume"
rog,170,yes,no,0,no,cashton,302,private,no,
rog,171,yes,no,17,no,weisberg,562,private,no,"shared files, but private volume"
rog,172,no,no,4,no,gilmore,6,private,no,TEST Volume ROG and ARS
rog,173,no,no,108,no,simkovic,550,private,no,
rog,174,yes,yes,48,no,,,entire,yes,
rog,175,no,no,0,no,krogh-jespersen,386,private,no,
rog,176,yes,yes,33,yes,adolph,5,private,yes,
rog,177,yes,no,190,no,hall,769,private,no,
rog,178,yes,no,14,no,vishton,60,private,no,
rog,179,no,no,22,no,vishton,60,private,no,
rog,180,no,no,24,no,vishton,60,private,no,
rog,181,yes,no,33,no,newcombe,259,private,no,"shared files, but private volume"
rog,182,no,no,0,no,james,1375,private,no,
rog,183,NA,NA,NA,NA,,,404 Not Found,NA,
rog,184,yes,yes,164,no,,,entire,no,
rog,185,no,no,5,no,raver,368,private,no,
rog,186,no,no,2,no,databrary staff,,private,no,looks like TEST
rog,187,yes,no,169,no,weisberg,562,private,no,"shared files, but private volume"
rog,188,no,no,50,no,weisberg,562,private,no,"shared files, but private volume"
rog,189,yes,yes,1165,no,vouloumanos,335,private,yes,"shared files, but private volume"
rog,190,no,yes,17,no,Vishton,60,private,no,
rog,191,NA,NA,NA,NA,,,404 Not Found,NA,
rog,192,yes,yes,43,no,franchak,14,entire,NA,
rog,193,yes,yes,6,no,adolph,5,entire,yes,
rog,194,yes,yes,48,no,adolph,5,entire,no,
rog,195,no,no,1,no,james,1375,private,no,
rog,196,NA,NA,NA,NA,,,404 Not Found,NA,
rog,197,no,no,1,no,weisberg,562,private,no,"shared files, but private volume"
rog,198,yes,yes,7,no,brandone,1513,private,no,DV Training Workshop
rog,199,yes,no,34,no,brandone,1513,private,no,DV Training Workshop
rog,200,yes,no,15,no,shai,1503,private,no,DV Training Workshop
rog,201,yes,yes,137,no,needham,118,private,no,"shared files, but private volume"
rog,202,no,no,110,no,needham,118,private,no,will write an abstract someday...
rog,203,no,no,576,no,goldstein,531,private,no,
rog,204,yes,yes,1,no,,,overview,no,
rog,205,no,no,85,no,needham,118,private,no,
rog,206,no,no,78,no,james,1375,private,no,
rog,207,yes,yes,117,no,weisberg,562,entire,yes,
rog,208,no,no,55,no,weisberg,562,private,no,error in age calculation
rog,209,yes,yes,92,yes,horst,624,entire,NA,
rog,210,yes,no,48,no,heathcock,596,private,no,
rog,211,yes,no,0,no,heathcock,596,private,no,
rog,212,yes,yes,4859,no,buss,249,overview,yes,
rog,213,no,no,1,no,professor,16,private,no,Test Volume - Databrary ADMIN
rog,214,yes,yes,29,no,fawcett,1719,entire,yes,
rog,215,yes,no,0,no,gilmore,6,private,yes,
sr,216,yes,yes,15,no,olofson,677,private,no,
sr,217,yes,yes,65,no,adolph,5,entire,no,
sr,218,yes,yes,306,yes,gilmore,6,entire,yes,"""You are not authorized to view this file"""
sr,219,yes,yes,129,no,newcombe,259,private,no,
sr,220,yes,no,0,no,wilkinson,245,private,yes,
sr,221,yes,no,7,no,vishton,60,private,no,
sr,222,no,no,9,no,vishton,60,private,no,
sr,223,yes,no,17,no,vishton,60,private,no,
sr,224,yes,no,25,no,vishton,60,private,no,
sr,225,yes,no,484,no,oakes,538,private,yes,
sr,226,yes,no,129,no,karasik,32,private,no,XXXXX in description
sr,227,yes,no,284,no,fabricius,288,private,no,error in age calculation (minus must be infront of one of the entered ages)
sr,228,no,yes,529,no,bergelson,61,private,yes,auto-generated thumbnail frame from video is blank
sr,229,yes,no,27,no,thrasher,346,private,no,DV Training Workshop
sr,230,yes,no,19,no,de marchena,2587,private,no,DV Training Workshop
sr,231,yes,no,0,no,databrary admin,3341,private,no,DV Training Workshop
sr,232,yes,yes,33,yes,adolph,5,private,no,PLAY Project
sr,233,yes,no,23,no,perez-edgar,96,private,no,DV Training Workshop
sr,234,yes,yes,1,no,brooker,,entire,yes,
sr,235,no,no,1,no,frank,,entire,no,
sr,236,yes,yes,1,yes,yu,,entire,no,"""You are not authorized to view this file"""
sr,237,yes,yes,45,yes,staff,308,private,no,
sr,238,yes,no,0,no,lin,533,private,no,
sr,239,yes,yes,66,yes,oakes,,entire,no,
sr,240,no,no,0,no,professor,16,private,no,Test Volume - Databrary ADMIN
sr,241,yes,yes,5,yes,fabricius,,entire,no,"""You are not authorized to view this file"""
sr,242,no,no,376,no,kucker,1913,private,no,
sr,243,NA,no,NA,NA,,,404 Not Found,NA,
sr,244,yes,no,232,no,oakes,538,private,no,
sr,245,no,no,5,no,srinivasan,1515,private,no,
sr,246,no,no,0,no,srinivasan,1515,private,no,
sr,247,no,no,0,no,foushee,1001,private,no,"First investigator is an Affiliate, not an Authorized Investigator"
sr,248,yes,yes,15,yes,cole,,entire,yes,
sr,249,yes,no,0,no,warlaumont,477,private,no,
sr,250,yes,no,2253,no,li,2200,private,no,
sr,251,no,no,38,no,bunce,718,private,no,
sr,252,yes,yes,17,no,shirai,,entire,no,
sr,253,yes,yes,116,no,weisberg,,entire,yes,
sr,254,yes,yes,150,yes,adolph,5,entire,yes,
sr,255,yes,no,285,no,woods,569,private,no,
sr,256,yes,no,115,no,woods,569,private,no,
sr,257,yes,no,0,no,smith,161,private,no,
sr,258,no,no,2,no,hall,769,private,no,
sr,259,yes,no,8,no,langenhoff,5025,private,no,
sr,260,yes,no,21,no,weisberg,562,private,no,"shared files, but private volume"
sr,261,no,no,120,no,needham,118,private,no,"shared files, but private volume"
sr,262,no,no,8,no,needham,118,private,no,"shared files, but private volume"
sr,263,no,no,102,no,needham,118,private,no,"shared files, but private volume"
sr,264,yes,yes,61,no,oakes,538,private,no,"shared files, but private volume"
sr,265,no,no,85,no,needham,118,private,no,"shared files, but private volume"
sr,266,no,no,0,no,carvalho,2399,private,no,"First investigator is an Affiliate, not an Authorized Investigator"
sr,267,no,no,30,no,needham,118,private,no,"shared files, but private volume"
sr,268,yes,yes,9,no,smith,,entire,yes,
sr,269,yes,yes,105,no,weisberg,562,entire,yes,
sr,270,yes,yes,1,no,shirai,,entire,no,
sr,271,yes,yes,225,no,adolph,,entire,yes,
sr,272,yes,yes,57,yes,mena,,entire,yes,
sr,273,yes,yes,12,no,bonawitz,,entire,yes,
sr,274,yes,no,0,no,cordes,798,private,no,title is entered twice
sr,275,yes,no,0,no,cordes,798,private,no,duplicate of volume 274
sr,276,no,no,0,no,cordes,798,private,no,TEST
sr,277,yes,no,114,no,savelkouls,2520,private,no,"same title as vol 274 andd 275; First investigator is an Affiliate, not an Authorized Investigator"
sr,278,no,no,22,no,vishton,60,private,no,
sr,279,no,no,17,no,vishton,60,private,no,
sr,280,yes,no,191,no,savelkouls,2520,private,no,"shared files, but private volume; First investigator is an Affiliate, not an Authorized Investigator"
sr,281,no,no,0,no,savelkouls,2520,private,no,"First investigator is an Affiliate, not an Authorized Investigator"
sr,282,no,no,18,no,vishton,60,private,no,
sr,283,no,yes,59,no,needham,118,private,no,
sr,284,yes,no,19,no,tamis-lemonda,11,private,no,
sr,285,no,no,130,no,woods,569,private,no,
sr,286,no,no,9,no,woods,569,private,no,
sr,287,no,no,47,no,woods,569,private,no,
sr,288,yes,yes,1,no,kaufman,440,private,no,
sr,289,yes,yes,1,no,bahrik,376,private,no,
sr,290,yes,yes,39,no,nonaka,1889,private,no,
sr,291,no,no,43,no,needham,118,private,no,"shared files, but private volume"
sr,292,no,yes,289,no,needham,118,private,no,"shared files, but private volume"
sr,293,yes,no,0,no,fox,333,private,no,
sr,294,yes,no,0,no,fox,333,private,no,
sr,295,no,no,500,no,oakes,538,private,no,
sr,296,yes,no,265,no,karasik,32,private,no,"error in inputing age; shared files, but private volume"
sr,297,yes,yes,14,no,nonaka,1889,entire,no,
sr,298,yes,no,1,no,dusing,255,private,no,"shared files, but private volume"
sr,299,yes,no,309,no,scher,2679,private,no,
sr,300,no,no,4,no,raver,368,private,no,
sr,301,yes,no,148,no,berger,2382,private,no,
rog,302,yes,yes,0,no,scherf,252,overview,no,
rog,303,yes,no,4,no,bonawitz,2173,entire,no,Description could be more complete; release level unknown
rog,304,no,no,341,no,susperreguy,2648,private,no,
rog,305,yes,no,118,no,jirout,1197,private,no,
rog,306,yes,no,1629,no,mendelsohn,4829,private,no,
rog,307,yes,no,34,no,newcombe,259,private,no,
rog,308,yes,yes,110,no,weisberg,562,entire,no,
rog,309,no,yes,0,no,hartshorne,2521,private,no,
rog,310,no,yes,0,no,hartshorne,2521,private,no,
rog,311,no,no,0,no,hartshorne,2521,private,no,"volumes 309, 310, 311, 312 are all similar"
rog,312,no,no,0,no,hartshorne,2521,private,no,
rog,313,yes,no,0,no,hartshorne,2521,private,no,
rog,314,yes,no,0,no,hartshorne,2521,private,no,"volumes 313, 314, 315 similar"
rog,315,yes,no,0,no,hartshorne,2521,private,no,
rog,316,yes,no,7,no,hartshorne,2521,private,no,
rog,317,yes,no,13,no,hartshorne,2521,private,no,
rog,318,yes,yes,148,no,hartshorne,2521,private,no,"shared files, but private volume"
rog,319,no,no,12,no,hartshorne,2521,private,no,
rog,320,no,no,23,no,hartshorne,2521,private,no,
rog,321,yes,yes,484,no,ossmy,1526,entire,no,ossmy affiliation has new-york
rog,322,yes,yes,174,no,adolph,5,private,no,
rog,323,yes,yes,16,no,adolph,5,private,no,
rog,324,yes,no,680,yes,norcia,378,entire,yes,
rog,325,yes,yes,1,no,kelty-stephen,672,private,no,
rog,326,yes,yes,1,yes,bahrick,376,entire,no,auto-generated thumbnail frame from video is blank
rog,327,yes,no,14,no,perez-edgar,96,overview,no,
rog,328,no,no,7,no,levental,2740,private,no,TEST
rog,329,no,no,137,no,schieffelin,2289,private,yes,
rog,330,no,yes,90,yes,bergelson,61,entire,yes,
rog,331,no,no,0,no,yamamoto,2518,private,no,
rog,332,no,no,5,no,jaswal,1117,private,no,
rog,333,no,no,0,no,yamamoto,2518,private,no,
rog,334,no,no,104,no,hartshorne,2521,private,no,
rog,335,no,yes,44,no,bergelson,61,entire,yes,
rog,336,yes,yes,1,yes,bahrick,376,entire,no,auto-generated thumbnail frame from video is blank
rog,337,no,no,68,no,weisberg,562,private,no,
rog,338,no,yes,134,no,bergelson,61,entire,yes,
rog,339,yes,yes,993,yes,cole,,entire,yes,
rog,340,yes,yes,567,no,tamis-lemonda,11,private,no,
kzm,341,yes,no,109,no,lillard,318,private,no,"shared files, but private volume"
kzm,342,no,no,23,no,needham,118,private,no,
kzm,343,no,no,20,no,thorson,2924,private,no,
kzm,344,no,no,10,no,west,2810,private,no,
kzm,345,no,no,20,no,west,2810,private,no,
kzm,346,no,no,9,no,needham,118,private,no,"shared files, but private volume"
kzm,347,no,no,5,no,jaswal,1117,private,no,
kzm,348,yes,no,32,no,jaswal,1117,private,no,error in age calculation
kzm,349,no,no,79,no,jaswal,1117,private,no,
kzm,350,yes,no,54,no,adolph,5,private,no,
kzm,351,yes,no,20,no,kukke,,entire,no,
kzm,352,no,no,3,no,gunderson,725,private,no,
rog,353,no,no,120,no,darling,619,private,yes,
rog,354,no,no,0,no,shrout,2396,private,no,
rog,355,yes,yes,67,no,shrout,2396,private,no,
rog,356,yes,no,15,no,west,2810,private,no,
rog,357,yes,yes,25,no,kibbe,2400,entire,no,
rog,358,no,no,0,no,warlaumont,477,private,no,
rog,359,yes,yes,434,no,weisberg,562,entire,no,
rog,360,no,no,1,no,jaswal,1117,private,no,
rog,361,no,no,0,no,jaswal,1117,private,no,practice volume
rog,362,no,no,0,no,jaswal,1117,private,no,practice volume
rog,363,no,no,0,no,jaswal,1117,private,no,practice volume
rog,364,no,no,0,no,jaswal,1117,private,no,practice volume; Volume 361-364 are identical
rog,365,yes,yes,7,no,seisler,,overview,no,
rog,366,no,no,763,no,oakes,538,private,no,
rog,367,yes,no,0,no,petitto,286,private,no,similar to an article abstract
rog,368,no,yes,146,no,van reet,2831,private,no,
rog,369,yes,no,0,no,petitto,286,private,no,
rog,370,yes,no,0,no,petitto,286,private,no,similar to an article abstract
rog,371,yes,no,0,no,petitto,286,private,no,similar to an article abstract
rog,372,yes,no,3,no,jaswal,1117,private,no,
rog,373,yes,no,0,no,petitto,286,private,no,similar to an article abstract
rog,374,yes,no,0,no,petitto,286,private,no,similar to an article abstract
rog,375,yes,no,0,no,petitto,286,private,no,similar to an article abstract
rog,376,yes,no,0,no,petitto,286,private,no,similar to an article abstract
rog,377,yes,no,0,no,petitto,286,private,no,similar to an article abstract
rog,378,yes,no,0,no,petitto,286,private,no,similar to an article abstract
rog,379,yes,no,0,no,petitto,286,private,no,similar to an article abstract
rog,380,yes,no,0,no,petitto,286,private,no,similar to an article abstract
rog,381,yes,no,0,no,petitto,286,private,no,similar to an article abstract
rog,382,yes,no,0,no,petitto,286,private,no,similar to an article abstract
rog,383,yes,no,0,no,petitto,286,private,no,similar to an article abstract
rog,384,yes,no,0,no,petitto,286,private,no,similar to an article abstract
rog,385,yes,no,0,no,petitto,286,private,no,similar to an article abstract
rog,386,yes,no,0,no,petitto,286,private,no,similar to an article abstract
rog,387,yes,no,0,no,petitto,286,private,no,similar to an article abstract
rog,388,no,no,137,no,jaswal,1117,private,no,
rog,389,no,no,4390,no,rosemberg,3094,private,no,
rog,390,no,no,39,no,bergelson,61,entire,no,
rog,391,yes,yes,0,no,dye,2914,private,no,good example of description
rog,392,no,no,86,no,needham,118,private,no,"spelling error in description; shared files, but private volume"
rog,393,yes,no,1415,no,moulson,474,private,no,error in age entry
rog,394,yes,no,0,no,petitto,286,private,no,similar to an article abstract
rog,395,yes,no,0,no,petitto,286,private,no,similar to an article abstract
rog,396,yes,no,0,no,petitto,286,private,no,similar to an article abstract
rog,397,yes,no,0,no,petitto,286,private,no,similar to an article abstract
rog,398,yes,no,0,no,petitto,286,private,no,
rog,399,yes,no,0,no,petitto,286,private,no,similar to an article abstract
rog,400,yes,yes,183,no,weisberg,562,entire,no,
kmj,401,yes,no,0,no,petitto,286,private,no,similar to an article abstract
kmj,402,yes,no,0,no,petitto,286,private,no,
kmj,403,yes,no,0,no,petitto,286,private,no,
kmj,404,yes,no,0,no,petitto,286,private,no,similar to an article abstract
kmj,405,yes,no,0,no,petitto,286,private,no,similar to an article abstract
kmj,406,yes,no,0,no,petitto,286,private,no,similar to an article abstract
kmj,407,yes,no,0,no,petitto,286,private,no,similar to an article abstract
kmj,408,yes,no,0,no,petitto,286,private,no,similar to an article abstract
kmj,409,yes,no,0,no,petitto,286,private,no,
kmj,410,yes,no,0,no,petitto,286,private,no,
kmj,411,yes,no,0,no,petitto,286,private,no,similar to an article abstract
kmj,412,yes,no,0,no,petitto,286,private,no,similar to an article abstract
kmj,413,yes,no,0,no,petitto,286,private,no,similar to an article abstract
kmj,414,yes,no,0,no,petitto,286,private,no,similar to an article abstract
kmj,415,yes,no,0,no,petitto,286,private,no,similar to an article abstract
kmj,416,yes,no,0,no,petitto,286,private,no,similar to an article abstract
kmj,417,yes,no,0,no,petitto,286,private,no,similar to an article abstract
kmj,418,yes,no,0,no,petitto,286,private,no,similar to an article abstract
kmj,419,yes,no,0,no,petitto,286,private,no,similar to an article abstract
kmj,420,yes,no,0,no,petitto,286,private,no,similar to an article abstract
kmj,421,yes,no,0,no,petitto,286,private,no,similar to an article abstract
kmj,422,yes,no,0,no,petitto,286,private,no,similar to an article abstract
kmj,423,yes,no,0,no,petitto,286,private,no,similar to an article abstract
kmj,424,yes,no,0,no,petitto,286,private,no,similar to an article abstract
kmj,425,yes,no,0,no,petitto,286,private,no,similar to an article abstract
kmj,426,yes,no,0,no,petitto,286,private,no,similar to an article abstract
kmj,427,yes,no,0,no,petitto,286,private,no,
kmj,428,yes,no,0,no,petitto,286,private,no,similar to an article abstract
kmj,429,yes,no,0,no,petitto,286,private,no,
kmj,430,yes,yes,44,no,adolph,5,private,no,DV Workshop Data
kmj,431,yes,no,47,no,jirout,1197,private,no,
kmj,432,yes,no,0,no,petitto,286,private,no,similar to an article abstract
kmj,433,yes,yes,577,no,scott,2653,entire,no,
kmj,434,yes,yes,434,no,"ossmy, adolph","1526, 5",entire,no,
kmj,435,no,no,454,no,scher,2679,private,no,
kmj,436,no,no,41,no,jaswal,1117,private,no,
kmj,437,yes,no,0,no,petitto,286,private,no,similar to an article abstract
kmj,438,no,no,77,no,jaswal,1117,private,no,
kmj,439,no,no,137,no,jaswal,1117,private,no,
kmj,440,no,no,32,no,jaswal,1117,private,no,
kmj,441,no,no,39,no,jaswal,1117,private,no,
kmj,442,no,no,546,no,raver,368,private,no,
kmj,443,yes,yes,19,no,adolph,5,entire,no,
kmj,444,no,yes,266,yes,adolph,5,private,no,"shared files, but private volume"
kmj,445,no,no,108,no,"soderstrom, klassen","518, 3126",entire,no,
kmj,446,yes,no,64,no,cristia,1034,private,no,
kmj,447,no,no,65,no,jaswal,1117,private,no,
kmj,448,no,no,585,no,reich,3110,private,no,error in age entry
kmj,449,yes,no,0,no,cristia,1034,private,no,
kmj,450,no,no,35,no,jaswal,1117,private,no,
kmj,451,no,no,21,no,jaswal,1117,private,no,
kmj,452,yes,yes,26,no,adolph,5,entire,no,
kmj,453,no,no,33,no,jaswal,1117,private,no,
kmj,454,no,no,84,no,weisberg,562,private,no,"shared files, but private volume"
kmj,455,yes,no,79,no,adolph,5,private,no,"shared files, but private volume"
kmj,456,no,no,14,no,cristia,1034,private,no,
kmj,457,yes,no,45,no,lilard,318,private,no,
kmj,458,yes,yes,3,no,hoch,412,entire,yes,
kmj,459,yes,no,8,no,adolph,5,entire,yes,
kmj,460,yes,yes,64,no,adolph,5,private,no,
kmj,461,no,no,22,no,cordes,798,private,no,"shared files, but private volume"
kmj,462,no,no,14,no,cordes,798,private,no,"shared files, but private volume"
kmj,463,no,no,96,no,cordes,798,private,no,"shared files, but private volume"
kmj,464,yes,no,1223,no,dudley,1820,private,yes,
kmj,465,no,no,1,no,arshad,2223,entire,NA,
kmj,466,no,no,704,no,cabrera,3044,private,no,
kmj,467,no,no,0,no,cabrera,3044,private,no,
kmj,468,yes,yes,1,yes,shirai,2219,entire,NA,
kmj,469,yes,yes,49,no,strathearn,761,private,yes,
kmj,470,no,no,110,no,cordes,798,private,no,error in age entry
kmj,471,yes,yes,20,yes,adolph,5,entire,yes,
kmj,472,no,no,292,no,kucker,1913,private,no,
kmj,473,yes,yes,9,no,gilmore,6,entire,no,
kmj,474,no,no,28,no,jaswal,1117,private,no,
kmj,475,no,no,53,no,oakes,538,private,no,error in age entry
kmj,476,no,no,285,no,adolph,5,private,no,"shared files, but private volume"
kmj,477,no,no,8,no,gilmore,6,private,no,"shared files, but private volume"
kmj,478,yes,no,0,no,oakes,538,private,no,
kmj,479,no,yes,26,no,oakes,538,private,no,
kmj,480,yes,yes,8,no,cook,681,entire,yes,
kmj,481,yes,yes,5,no,"foster-hanson, leshin, rhodes","3121, 3391, 277",entire,no,
kmj,482,yes,yes,1,no,shirai,2219,entire,no,
kmj,483,no,no,0,no,tamis-lemonda,11,private,no,Empty Volume
kmj,484,no,no,236,no,tamis-lemonda,11,private,no,
kmj,485,no,yes,3901,no,lobue,82,private,yes,"shared files, but private volume"
kmj,486,no,no,0,no,perez-edgar,96,private,no,
kmj,487,no,no,79,no,jirout,1197,private,no,
kmj,488,yes,yes,3,no,escobar,862,private,no,"shared files, but private volume"
kmj,489,yes,yes,186,no,goldstein,531,private,no,
kmj,490,no,no,0,no,oakes,538,private,no,error in age calculation
kmj,491,yes,no,38,no,palmquist,2945,private,no,
kmj,492,yes,no,17,no,palmquist,2945,private,no,
kmj,493,yes,no,22,no,palmquist,2945,private,no,
kmj,494,yes,no,18,no,palmquist,2945,private,no,
kmj,495,no,no,48,no,jaswal,1117,private,no,
kmj,496,no,no,22,no,palmquist,2945,private,no,
kmj,497,no,no,14,no,vishton,60,private,no,
kmj,498,no,no,16,no,palmquist,2945,private,no,
kmj,499,no,no,53,no,palmquist,2945,private,no,
kmj,500,no,no,39,no,palmquist,2945,private,no,
mhb,501,no,no,14,no,vishton,60,private,no,
mhb,502,no,no,7,no,vishton,60,private,no,
mhb,503,no,no,33,no,palmquist,2945,private,no,
mhb,504,no,no,13,no,palmquist,2945,private,no,
mhb,505,no,no,14,no,palmquist,2945,private,no,
mhb,506,no,no,16,no,palmquist,2945,private,no,
mhb,507,no,no,16,no,palmquist,2945,private,no,
mhb,508,no,no,33,no,palmquist,2945,private,no,
mhb,509,no,no,647,no,lillard,318,private,no,"shared files, but private volume"
mhb,510,no,no,40,no,lillard,318,private,no,"shared files, but private volume"
mhb,511,no,no,32,no,palmquist,2945,private,no,
mhb,512,no,no,8,no,palmquist,2945,private,no,
mhb,513,no,no,32,no,palmquist,2945,private,no,
mhb,514,no,no,29,no,palmquist,2945,private,no,
mhb,515,no,no,44,no,palmquist,2945,private,no,
mhb,516,no,no,23,no,lillard,318,private,no,
mhb,517,no,no,127,no,lillard,318,private,no,
mhb,518,no,no,35,no,lillard,318,private,no,
mhb,519,no,no,35,no,palmquist,2945,private,no,
mhb,520,no,no,33,no,palmquist,2945,private,no,
mhb,521,no,no,16,no,perez-edgar,96,private,no,
mhb,522,no,no,3,no,palmquist,2945,private,no,
mhb,523,no,no,71,no,palmquist,2945,private,no,
mhb,524,no,no,33,no,palmquist,2945,private,no,
mhb,525,no,no,11,no,palmquist,2945,private,no,
mhb,526,no,no,52,no,palmquist,2945,private,no,
mhb,527,no,no,0,no,cabrera,3044,private,no,
mhb,528,yes,no,28,no,cabrera,3044,private,no,
mhb,529,no,no,67,no,palmquist,2945,private,no,
mhb,530,no,no,16,no,palmquist,2945,private,no,
mhb,531,no,no,32,no,palmquist,2945,private,no,
mhb,532,no,no,19,no,palmquist,2945,private,no,
mhb,533,no,no,4,no,palmquist,2945,private,no,
mhb,534,yes,no,0,no,rhodes,277,private,yes,link to osf
mhb,535,no,no,42,no,lillard,318,private,no,
mhb,536,no,no,0,no,lillard,318,private,no,
mhb,537,no,no,73,no,lillard,318,private,no,
mhb,538,no,no,37,no,lillard,318,private,no,
mhb,539,no,no,46,no,lillard,318,private,no,
mhb,540,no,no,30,no,lillard,318,private,no,
mhb,541,no,no,73,no,palmquist,2945,private,no,
mhb,542,no,no,19,no,palmquist,2945,private,no,
mhb,543,no,no,4,no,palmquist,2945,private,no,
mhb,544,no,no,54,no,lillard,318,private,no,
mhb,545,yes,no,4,no,scott,2653,entire,yes,
rog,546,yes,no,36,no,scott,2653,entire,yes,
rog,547,no,no,12,no,palmquist,2945,private,no,
rog,548,no,no,18,no,lillard,318,private,no,
rog,549,no,no,100,no,lillard,318,private,no,
mhb,550,no,no,40,no,palmquist,2945,private,no,
mhb,551,no,no,33,no,palmquist,2945,private,no,
mhb,552,no,no,21,no,palmquist,2945,private,no,
mhb,553,yes,no,151,no,stutesman,5678,404 Not Found,NA,"shared files, but private volume"
mhb,554,yes,no,2,yes,"trehub, cirelli","2854, 2738",entire,no,
mhb,555,no,no,51,no,lillard,318,private,no,
mhb,556,no,yes,0,no,oakes,538,private,no,
mhb,557,yes,yes,1,no,nye,3506,private,no,
mhb,558,no,no,71,no,lillard,318,private,no,
mhb,559,no,no,49,no,lillard,318,private,no,
mhb,560,yes,no,136,no,stutesman,5678,private,no,"shared files, but private volume"
mhb,561,no,no,47,no,lillard,318,private,no,
mhb,562,no,no,77,no,lillard,318,private,no,
mhb,563,no,yes,420,no,"tamis-lemonda, adolph","11, 5",entire,yes,
mhb,564,yes,no,2034,no,sullivan ,2095,entire,yes,5 total investigators
mhb,565,no,no,0,no,sullivan ,2095,private,no,test
mhb,566,no,no,154,no,lillard,318,private,no,
mhb,567,no,no,338,no,lillard,318,private,no,
mhb,568,no,no,1,no,rhodes,277,private,no,"shared files, but private volume"
mhb,569,yes,no,0,no,moulson,474,entire,no,
kmj,570,no,no,37,no,needham ,118,private,no,
kmj,571,no,no,1,no,needham ,118,private,no,
kmj,572,yes,no,219,no,hartshorne,2521,private,no,error in age entry
kmj,573,yes,yes,286,no,"hauck, lee","997, 384",overview,no,
kmj,574,no,no,3,no,hartshorne,2521,overview,no,
kmj,575,yes,no,162,no,needham ,118,overview,no,
kmj,576,no,no,73,no,oakes,538,private,no,
kmj,577,no,no,4,no,hartshorne,2521,overview,no,
kmj,578,yes,no,34,no,palmquist ,2945,overview,no,
kmj,579,no,no,35,no,oakes,538,private,no,
kmj,580,no,no,0,no,databrary admin,3341,private,no,test
kmj,581,no,no,0,no,laing,3630,private,no,
kmj,582,no,no,1,no,laing,3630,private,no,same title as volume 581
kmj,583,no,no,1,no,laing,3630,private,no,same title as volume 581
kmj,584,no,no,1,no,laing,3630,private,no,
kmj,585,yes,yes,3,no,reynders,3532,private,no,
kmj,586,yes,yes,59,no,stefan,3600,overview,no,
kmj,587,no,no,28,no,lillard,318,overview,no,
kmj,588,no,no,0,no,chemla,3701,overview,no,
kmj,589,no,no,0,no,laing,3630,private,no,
kmj,590,no,no,44,no,laing,3630,private,no,
kmj,591,no,no,74,no,hay ,3299,overview,no,
kmj,592,yes,yes,37,no,weisberg,562,entire,no,
kmj,593,yes,yes,5,no,scott,2653,entire,no,
kmj,594,no,no,152,no,oakes,538,private,no,
kmj,595,yes,yes,1,yes,adolph,5,entire,no,
kmj,596,yes,yes,1,yes,"adolph, Tamis-LeMonda","5, 11",entire,no,
kmj,597,yes,no,2,no,Tamis-LeMonda,11,overview,no,
kmj,598,yes,yes,0,no,rhodes,277,overview,no,
kmj,599,yes,yes,20,no,rhodes,277,overview,no,
kmj,600,no,no,15,no,lillard,318,overview,no,
ars,601,no,no,0,no,cashon,302,private,no,
ars,602,no,no,8,no,chemla,3701,private,no,
ars,603,no,no,16,no,jaswal,1117,overview,no,
ars,604,no,no,108,no,needham ,118,overview,no,
ars,605,no,no,2,no,jaswal,1117,overview,no,
ars,606,no,no,23,no,jaswal,1117,private,no,
ars,607,no,no,60,no,weisberg,562,private,no,"shared files, but private volume"
ars,608,no,no,2,no,scott,2653,entire,yes,
ars,609,no,no,20,no,jaswal,1117,overview,no,
ars,610,no,no,39,no,jaswal,1117,overview,no,
ars,611,no,no,481,no,cabrera,3044,private,no,"funding not listed, but description mentions it is a funded study; error in age entry"
ars,612,no,no,16,no,jaswal,1117,overview,no,error in age entry
ars,613,no,no,17,no,jaswal,1117,overview,no,
ars,614,no,no,18,no,jaswal,1117,overview,no,
ars,615,no,no,7,no,jaswal,1117,overview,no,
ars,616,no,no,34,no,jaswal,1117,overview,no,
ars,617,no,no,20,no,jaswal,1117,overview,no,
ars,618,no,no,0,no,chemla,3701,overview,no,
ars,619,no,no,4,no,jaswal,1117,overview,no,
ars,620,no,no,5,no,jaswal,1117,overview,no,
ars,621,no,no,4,no,jaswal,1117,overview,no,
ars,622,no,no,16,no,jaswal,1117,overview,no,
ars,623,no,no,14,no,jaswal,1117,overview,no,
ars,624,no,no,33,no,jaswal,1117,overview,no,
ars,625,no,no,35,no,jaswal,1117,overview,no,error in age entry
ars,626,no,no,34,no,jaswal,1117,overview,no,
ars,627,no,no,27,no,jaswal,1117,overview,no,
ars,628,no,no,25,no,vishton,60,overview,no,
ars,629,no,no,18,no,vishton,60,overview,no,
ars,630,yes,no,0,no,cole,3225,private,no,
ars,631,no,no,1,no,vishton,60,overview,no,
ars,632,no,no,27,no,jaswal,1117,overview,no,
ars,633,no,no,6,no,jaswal,1117,overview,no,
ars,634,no,no,34,no,jaswal,1117,overview,no,
ars,635,no,no,12,no,jaswal,1117,overview,no,
ars,636,no,no,25,no,jaswal,1117,overview,no,
ars,637,no,no,39,no,jaswal,1117,overview,no,
ars,638,no,no,76,no,jaswal,1117,overview,no,
ars,639,no,no,32,no,jaswal,1117,overview,no,
ars,640,no,no,71,no,jaswal,1117,overview,no,
ars,641,no,no,6,no,jaswal,1117,overview,no,
ars,642,no,no,44,no,jaswal,1117,overview,no,
ars,643,no,no,10,no,jaswal,1117,overview,no,
ars,644,yes,no,9,no,foster-hanson,3121,entire,no,"similar to an article abstract, not data description; osf link"
ars,645,no,no,45,no,needham ,118,overview,no,
ars,646,yes,no,0,no,rhodes,277,overview,no,"similar to an article abstract, not data description"
ars,647,yes,no,16,no,braun,3830,entire,no,description missing what the video is actually of
ars,648,yes,no,0,no,scott,2653,overview,no,display for EEG?
ars,649,no,no,2,no,jaswal,1117,overview,no,
ars,650,no,no,8,no,jaswal,1117,overview,no,
ars,651,no,no,17,no,jaswal,1117,overview,no,error in age entry
ars,652,yes,yes,10,no,brandone,331,private,no,"shared files, but private volume"
ars,653,no,yes,44,no,bergelson,61,entire,yes,
ars,654,no,no,19,no,jaswal,1117,overview,no,
ars,655,no,no,9,no,jaswal,1117,overview,no,
ars,656,no,no,21,no,jaswal,1117,overview,no,
ars,657,no,no,19,no,jaswal,1117,overview,no,
ars,658,no,no,8,no,jaswal,1117,overview,no,
ars,659,no,no,17,no,jaswal,1117,overview,no,
ars,660,no,no,16,no,jaswal,1117,overview,no,
ars,661,no,no,18,no,jaswal,1117,overview,no,
ars,662,no,no,0,no,jaswal,1117,overview,no,
ars,663,no,no,15,no,jaswal,1117,overview,no,
ars,664,no,no,12,no,jaswal,1117,overview,no,
ars,665,yes,yes,26,no,merry,3854,overview,no,
ars,666,no,yes,44,no,bergelson,61,entire,yes,
svp,667,no,yes,44,no,bergelson,61,entire,yes,
svp,668,no,yes,43,no,bergelson,61,entire,yes,
svp,669,no,yes,42,no,bergelson,61,entire,yes,
svp,670,no,yes,43,no,bergelson,61,entire,yes,
svp,671,no,no,37,no,trehub,2854,entire,no,
svp,672,no,no,23,no,jaswal,1117,overview,no,
svp,673,no,no,17,no,jaswal,1117,overview,no,
svp,674,no,no,0,no,cole,3225,private,no,
svp,675,NA,NA,NA,NA,,,404 Not Found,NA,
svp,676,NA,NA,NA,NA,,,404 Not Found,NA,
svp,677,NA,NA,NA,NA,,,404 Not Found,NA,
svp,678,NA,NA,NA,NA,,,404 Not Found,NA,
svp,679,NA,NA,NA,NA,,,404 Not Found,NA,
svp,680,NA,NA,NA,NA,,,404 Not Found,NA,
svp,681,NA,NA,NA,NA,,,404 Not Found,NA,
svp,682,NA,NA,NA,NA,,,404 Not Found,NA,
svp,683,NA,NA,NA,NA,,,404 Not Found,NA,
svp,684,NA,NA,NA,NA,,,404 Not Found,NA,
svp,685,NA,NA,NA,NA,,,404 Not Found,NA,
svp,686,yes,yes,7,yes,admin,3341,entire,no,
svp,687,no,no,0,no,cristia,1034,overview,no,
svp,688,NA,NA,NA,NA,,,404 Not Found,NA,
svp,689,no,no,1,no,johnson,93,overview,no,
svp,690,yes,no,970,no,scott,2653,overview,no,
svp,691,yes,no,2,yes,frank,258,entire,no,
svp,692,NA,NA,NA,NA,,,404 Not Found,NA,
svp,693,NA,NA,NA,NA,,,404 Not Found,NA,
svp,694,no,yes,44,no,bergelson,61,entire,yes,
svp,695,no,yes,44,no,bergelson,61,entire,yes,
svp,696,no,yes,44,no,bergelson,61,entire,yes,
svp,697,no,no,1,no,johnson,93,entire,no,
svp,698,NA,NA,NA,NA,,,404 Not Found,NA,
svp,699,no,no,451,no,kyriakou,1400,overview,no,
kmj,700,NA,NA,NA,NA,,,404 Not Found,NA,
kmj,701,NA,NA,NA,NA,,,404 Not Found,NA,
kmj,702,yes,yes,7,no,johnson,93,overview,no,
kmj,703,no,no,54,no,lillard,318,overview,no,
kmj,704,NA,NA,NA,NA,,,404 Not Found,NA,
kmj,705,yes,yes,1,no,"smith, yu","161, 20",overview,no,
kmj,706,no,yes,112,no,lillard,318,overview,no,
kmj,707,yes,yes,6,yes,"ossmy, adolph","1526, 5",entire,yes,
kmj,708,yes,no,14,no,"blair, woudstra","1254, 1322",overview,no,
kmj,709,yes,yes,50,yes,"hirsh-pasek, golinkoff, oakes, barr, saffran, lakusta, admin, ICIS","546, 296, 538, 104, 274, 590, 3341, 2127",entire,no,
kmj,710,no,no,15,no,cordes,798,entire,no,
kmj,711,yes,yes,2,no,"jirout, evans ","1197, 8647",entire,no,
kmj,712,yes,no,199,no,lillard,318,overview,no,
kmj,713,NA,NA,NA,NA,,,404 Not Found,NA,
kmj,714,no,no,27,no,"johnson, frank, struhl, bergmann","93, 258, 1157, 726 ",overview,no,
kmj,715,no,no,28,no,yurovksky ,3037,overview,no,
kmj,716,NA,NA,NA,NA,,,404 Not Found,NA,
kmj,717,yes,yes,416,no,"srinivasan, foushee","1515, 1001",overview,no,
kmj,718,yes,yes,83,no,lillard,318,overview,no,
kmj,719,no,no,32,no,palmquist,2945,overview,no,
kmj,720,NA,NA,NA,NA,,,404 Not Found,NA,
kmj,721,no,yes,1,no,"aschersleben, krieger","2746, 4067",entire,no,
kmj,722,no,yes,1,no,johnson,93,overview,no,
kmj,723,yes,yes,15,no,kaufman,440,overview,no,
kmj,724,yes,yes,13,no,"adolph, Tamis-LeMonda, gilmore, soska ","5, 11, 6, 406",overview,no,
kmj,725,no,yes,29,no,soley ,3967,entire,no,
kmj,726,yes,yes,143,no,"thompson goldstein, stutesman","3152, 531, 5678",overview,no,
kmj,727,no,yes,25,no,hannon,3087,overview,no,
kmj,728,no,yes,18,no,cristia,1034,overview,no,
kmj,729,yes,yes,260,no,"lillard, jirout ","318, 1197",entire,no,
svp,730,no,no,129,no,lillard,318,overview,no,
svp,731,NA,NA,NA,NA,,,404 Not Found,NA,
svp,732,NA,NA,NA,NA,,,404 Not Found,NA,
svp,733,no,no,7,no,palmquist,2945,overview,no,
svp,734,no,no,40,no,plamquist,2945,overview,no,
svp,735,yes,no,1,no,adolph,5,entire,no,
svp,736,no,no,17,no,bonawitz,2173,entire,no,
svp,737,NA,NA,NA,NA,,,404 Not Found,NA,
svp,738,yes,no,7,no,alba,2479,overview,no,
svp,739,yes,yes,602,no,robinovitch,2693,entire,no,
svp,740,no,no,41,no,beier,594,overview,no,
svp,741,NA,NA,NA,NA,,,404 Not Found,NA,
svp,742,NA,NA,NA,NA,,,404 Not Found,NA,
svp,743,NA,NA,NA,NA,,,404 Not Found,NA,
svp,744,no,no,23,no,jaswal,1117,overview,no,
svp,745,no,no,16,no,jaswal,1117,overview,no,
svp,746,no,no,24,no,jaswal,1117,overview,no,
svp,747,no,no,1,no,jaswal,1117,overview,no,
svp,748,no,no,16,no,jaswal,1117,overview,no,
svp,749,NA,NA,NA,NA,,,404 Not Found,NA,
svp,750,no,no,19,no,jaswal,1117,overview,no,
svp,751,no,no,25,no,jaswal,1117,overview,no,
svp,752,no,no,16,no,jaswal,1117,overview,no,
svp,753,no,no,33,no,jaswal,1117,overview,no,
svp,754,no,no,17,no,jaswal,1117,overview,no,
svp,755,no,no,41,no,jaswal,1117,overview,no,
svp,756,no,no,231,no,beier,594,overview,no,
svp,757,no,no,270,no,jaswal,1117,overview,no,
svp,758,no,no,113,no,needham,118,overview,no,
svp,759,NA,NA,NA,NA,,,404 Not Found,NA,
svp,760,NA,NA,NA,NA,,,404 Not Found,NA,
svp,761,no,no,21,no,adolph,5,overview,no,
svp,762,yes,no,5,no,mcdermott,1704,entire,no,
svp,763,NA,NA,NA,NA,,,404 Not Found,NA,
svp,764,no,no,140,no,beier,594,overview,no,
svp,765,yes,no,1,no,jirout,1197,overview,no,
svp,766,no,no,4,no,noles,1699,overview,no,
svp,767,NA,NA,NA,NA,,,404 Not Found,NA,
svp,768,no,no,1,no,noles,1699,overview,no,
kmj,769,NA,NA,NA,NA,,,404 Not Found,NA,
kmj,770,NA,NA,NA,NA,,,404 Not Found,NA,
kmj,771,NA,NA,NA,NA,,,404 Not Found,NA,
kmj,772,NA,NA,NA,NA,,,404 Not Found,NA,
kmj,773,NA,NA,NA,NA,,,404 Not Found,NA,
kmj,774,NA,NA,NA,NA,,,404 Not Found,NA,
kmj,775,NA,NA,NA,NA,,,404 Not Found,NA,
kmj,776,yes,yes,14,no,iverson,334,overview,no,
kmj,777,yes,yes,2233,no,prado,4458,overview,no,
kmj,778,yes,yes,839,yes,"casasola, Tamis Le-Monda, suh, ransom ","650, 11, 2578. 4065",entire,no,
kmj,779,NA,NA,NA,NA,,,404 Not Found,NA,
kmj,780,NA,NA,NA,NA,,,404 Not Found,NA,
kmj,781,no,no,6,no,"gilmore, seisler","6, 437",entire,no,
kmj,782,no,no,0,no,srinivasan,1515,overview,no,
kmj,783,NA,NA,NA,NA,,,404 Not Found,NA,
kmj,784,yes,no,0,no,"lee, bai ","384, 4603",overview,no,
kmj,785,yes,yes,1,no,paulus,959,entire,yes,
kmj,786,no,no,30,no,palmquist ,2945,overview,no,
kmj,787,no,no,16,no,palmquist ,2945,overview,no,
kmj,788,no,no,22,no,palmquist ,2945,overview,no,
kmj,789,NA,NA,NA,NA,,,404 Not Found,NA,
kmj,790,NA,NA,NA,NA,,,404 Not Found,NA,
kmj,791,NA,NA,NA,NA,,,404 Not Found,NA,
kmj,792,NA,NA,NA,NA,,,404 Not Found,NA,
kmj,793,NA,NA,NA,NA,,,404 Not Found,NA,
kmj,794,NA,NA,NA,NA,,,404 Not Found,NA,
kmj,795,NA,NA,NA,NA,,,404 Not Found,NA,
kmj,796,NA,NA,NA,NA,,,404 Not Found,NA,
kmj,797,NA,NA,NA,NA,,,404 Not Found,NA,
kmj,798,NA,NA,NA,NA,,,404 Not Found,NA,
kmj,799,NA,NA,NA,NA,,,404 Not Found,NA,
kmj,800,NA,NA,NA,NA,,,404 Not Found,NA,
mhb,801,NA,NA,NA,NA,,,404 Not Found,NA,
mhb,802,NA,NA,NA,NA,,,404 Not Found,NA,
mhb,803,NA,NA,NA,NA,,,404 Not Found,NA,
mhb,804,NA,NA,NA,NA,,,404 Not Found,NA,
mhb,805,NA,NA,NA,NA,,,404 Not Found,NA,
mhb,806,NA,NA,NA,NA,,,404 Not Found,NA,
mhb,807,no,no,1,no,johnson,93,entire,no,
mhb,808,no,no,136,no,vishton,60,overview,no,
mhb,809,no,no,0,no,jirout,1197,overview,no,
mhb,810,NA,NA,NA,NA,,,404 Not Found,NA,
mhb,811,NA,NA,NA,NA,,,404 Not Found,NA,
mhb,812,no,no,7,no,vishton,60,overview,no,
mhb,813,no,no,0,no,xu,2921,overview,no,
mhb,814,no,no,45,no,palmquist,2945,overview,no,
mhb,815,yes,yes,6,no,casasola,650,entire,no,
mhb,816,no,no,1,no,casasola,650,overview,no,
mhb,817,no,no,13,no,vishton,60,overview,no,
mhb,818,NA,NA,NA,NA,,,404 Not Found,NA,
mhb,819,yes,no,6,no,nelson,4577,entire,yes,
mhb,820,no,no,508,no,ellwood-lowe,3034,overview,no,
mhb,821,yes,yes,55,no,adolph,5,overview,no,
mhb,822,yes,no,5,no,noles,1699,entire,no,
mhb,823,no,no,76,no,lillard,318,entire,no,
mhb,824,no,no,0,no,admin,3341,overview,no,
mhb,825,yes,no,2,no,miller,3812,overview,no,
mhb,826,yes,no,4,no,adolph,5,entire,no,
mhb,827,no,no,225,no,adolph,5,overview,no,
mhb,828,no,yes,15,no,gredeb√§ck,4546,entire,no,
mhb,829,no,no,289,no,elimaliah,5252,overview,no,
mhb,830,NA,NA,NA,NA,,,404 Not Found,NA,
mhb,831,yes,yes,37,no,mandalaywala,357,overview,no,
mhb,832,NA,NA,NA,NA,,,404 Not Found,NA,
mhb,833,yes,no,161,no,booth,1977,overview,no,
mhb,834,yes,yes,4,no,foster-hanson,3121,entire,no,
mhb,835,no,no,74,no,adolph,5,overview,no,
mhb,836,yes,yes,2,no,foster-hanson,3121,overview,no,
mhb,837,no,no,110,no,kanumuru,3989,entire,no,
mhb,838,no,no,26,no,fabricius,288,overview,no,
mhb,839,no,no,55,no,fabricius,288,overview,no,
mhb,840,no,no,0,no,srinivasan,1515,overview,no,"labeled ""title"""
mhb,841,no,no,32,no,srinivasan,1515,overview,no,
mhb,842,NA,NA,NA,NA,,,404 Not Found,NA,
mhb,843,no,no,0,no,srinivasan,1515,overview,no,
mhb,844,NA,NA,NA,NA,,,404 Not Found,NA,
mhb,845,no,no,9,no,gladstone,4142,overview,no,
mhb,846,no,no,17,no,gladstone,4142,overview,no,same title as previous
mhb,847,no,no,74,no,lagenhoff,5025,overview,no,
mhb,848,no,no,76,no,beier,594,overview,no,
mhb,849,no,no,154,no,beier,594,overview,no,
mhb,850,no,no,74,no,beier,594,overview,no,
mhb,851,no,no,104,no,beier,594,overview,no,
mhb,852,no,no,109,no,beier,594,overview,no,
mhb,853,no,no,117,no,beier,594,overview,no,
mhb,854,NA,NA,NA,NA,,,404 Not Found,NA,
mhb,855,no,no,17,no,palmquist,2945,overview,no,
mhb,856,no,no,73,no,beier,594,overview,no,
mhb,857,no,no,1,no,froemke,4605,overview,no,
mhb,858,NA,NA,NA,NA,,,404 Not Found,NA,
mhb,859,no,no,0,no,lombardi,4945,overview,no,
mhb,860,no,yes,698,no,nez,4291,overview,no,
mhb,861,no,no,88,no,beier,594,overview,no,
mhb,862,NA,NA,NA,NA,,,404 Not Found,NA,
mhb,863,no,no,97,no,beier,594,overview,no,
mhb,864,no,no,0,no,gladstone,4142,overview,no,
mhb,865,no,no,0,no,gladstone,4142,overview,no,
mhb,866,NA,NA,NA,NA,,,404 Not Found,NA,
mhb,867,no,no,15,no,beier,594,overview,no,
mhb,868,no,no,184,no,adolph,5,overview,no,
mhb,869,NA,NA,NA,NA,,,404 Not Found,NA,
mhb,870,no,no,23610,no,berger,2382,overview,no,
mhb,871,no,no,1,no,froemke,4605,overview,no,
mhb,872,NA,NA,NA,NA,,,404 Not Found,NA,
mhb,873,no,no,68,no,fausey,126,entire,no,
mhb,874,yes,yes,483,no,scherf,252,entire,no,
mhb,875,NA,NA,NA,NA,,,404 Not Found,NA,
mhb,876,yes,yes,116,yes,adolph,5,entire,no,
mhb,877,no,no,12,no,vishton,60,overview,no,
mhb,878,no,no,32,no,vishton,60,overview,no,
mhb,879,no,no,22,no,vishton,60,overview,no,
mhb,880,yes,no,9,no,gilmore,6,overview,yes,
mhb,881,NA,NA,NA,NA,,,404 Not Found,NA,
mhb,882,no,no,50,no,beier,594,overview,no,
mhb,883,no,no,2,no,rhodes,277,overview,no,
mhb,884,yes,yes,330,no,scherf,252,entire,yes,
mhb,885,no,no,17,no,vishton,60,overview,no,
mhb,886,NA,NA,NA,NA,,,404 Not Found,NA,
mhb,887,NA,NA,NA,NA,,,404 Not Found,NA,
mhb,888,no,no,116,no,berger,2382,overview,no,
mhb,889,no,no,2,no,vishton,60,overview,no,
mhb,890,NA,NA,NA,NA,,,404 Not Found,NA,
mhb,891,yes,yes,96,no,tincoff,4000,overview,no,
mhb,892,no,no,7,no,lillard,318,overview,no,
mhb,893,no,yes,9,no,frankenhuis,5325,entire,yes,
mhb,894,NA,NA,NA,NA,,,404 Not Found,NA,
mhb,895,no,no,59,no,beier,594,overview,no,
mhb,896,yes,yes,52,no,lew-williams,1371,entire,no,
mhb,897,yes,yes,236,no,adolph,5,entire,yes,
mhb,898,no,no,0,no,henderson,4687,overview,no,
mhb,899,NA,NA,NA,NA,,,404 Not Found,NA,
mhb,900,yes,no,12,no,arunachalam,4685,overview,no,
kzm,901,yes,no,40,no,Arunachalam,4685,overview,no,
kzm,902,NA,NA,NA,NA,,,404 Not Found,NA,
kzm,903,no,no,13,no,Seisler,437,entire,no,
dbw,904,no,no,72,no,Lillar,318,overview,no,
dbw,905,no,no,10,no,Lillar,318,overview,no,
dbw,906,NA,NA,NA,NA,,,404 Not Found,NA,
dbw,907,no,no,2,no,Frog,5415,entire,no,
dbw,908,no,no,1,no,Frog,5415,overview,no,
dbw,909,no,no,37,no,Casasola,650,overview,no,
dbw,910, no,no,111,no,Raver,368,overview,no,
dbw,911,NA,NA,NA,NA,,,404 Not Found,NA,
dbw,912,no,no,34,no,Srinivasan,1515,overview,no,
dbw,913,no,no,12,no,Casasola,650,overview,no,
dbw,914,NA,NA,NA,NA,,,404 Not Found,NA,
dbw,915,no,no,1,no,de Marchena ,2587,overview,no,
dbw,916,no,no,no,no,de Marchena ,2587,overview,no,
dbw,917,no,no,1,no,de Marchena ,2587,overview,,
dbw,918,NA,NA,NA,NA,,,404 Not Found,NA,
dbw,919,yes,no,NA,NA,swiggum,5259,overview,NA,
dbw,920,NA,NA,NA,NA,,,404 Not Found,NA,
kzm,921,no,no,34,no,Fabricius,288,overview,no,
kzm,922,no,yes,4,no,Lillard,318,entire,no,
kzm,923,no,no,65,no,Palmquist,2945,overview,no,
kzm,924,yes,no,8,no,Palmquist,2945,overview,no,
kzm,925,no,no,17,no,Fabricius,288,overview,no,
kzm,926,yes,no,0,no,Fabricius,288,overview,no,
kzm,927,yes,yes,1,no,Goksun,1216,overview,yes,
kzm,928,no,no,46,no,Needham,118,overview,no,
kzm,929,yes,yes,13,no,Gilmore,6,overview,no,
kzm,930,NA,NA,NA,NA,,,404 Not Found,NA,
kzm,931,yes,no,67,no,Brooke de Marchena,2587,overview,no,
dbw,932,NA,NA,NA,NA,,,404 Not Found,NA,
dbw,933,yes,no,34,no,palmquist,2945,overview,no,
dbw,934,NA,NA,NA,NA,,,404 Not Found,NA,
dbw,935,no,no,1,no,palmquist ,2945,overview,no,
dbw,936,NA,NA,NA,NA,,,404 Not Found,no,
dbw,937,yes,no,6,no,caasola,650,entire,no,
dbw,938,yes,no,19,no,lowe,3034,overview,no,
dbw,939,NA,NA,NA,NA,,,404 Not Found,NA,
dbw,940,yes,no,NA,no,Goldtein,531,overview,no,
dbw,941,no,yes,8,no,Louise West,600,entire,,
dbw,942,no,no,37,no,palmquist,2945,overview,no,
dbw,943,yes,yes,30,no,Hoch,412,entire,yes,
dbw,944,NA,NA,NA,NA,,,404 Not Found,NA,
dbw,945,yes,yes,31,no,Adolph,5,overview,no,
dbw,946,NA,NA,NA,NA,,,404 Not Found,NA,
dbw,947,yes,no,1,no,Edgar,96,overview,no,
dbw,948,no,no,52,no,palmquist ,2945,overview,no,
dbw,949,no,yes,23,no,pesek,546,overview,no,
dbw,950,yes,yes,96,no,weisberg ,562,entire,yes,
,951,,,,,,,,,
,952,,,,,,,,,
,953,,,,,,,,,
,954,,,,,,,,,
,955,,,,,,,,,
,956,,,,,,,,,
,957,,,,,,,,,
,958,,,,,,,,,
,959,,,,,,,,,
,960,,,,,,,,,
,961,,,,,,,,,
,962,,,,,,,,,
,963,,,,,,,,,
,964,,,,,,,,,
,965,,,,,,,,,
,966,,,,,,,,,
,967,,,,,,,,,
,968,,,,,,,,,
,969,,,,,,,,,
,970,,,,,,,,,
,971,,,,,,,,,
,972,,,,,,,,,
,973,,,,,,,,,
,974,,,,,,,,,
,975,,,,,,,,,
,976,,,,,,,,,
,977,,,,,,,,,
,978,,,,,,,,,
,979,,,,,,,,,
,980,,,,,,,,,
,981,,,,,,,,,
,982,,,,,,,,,
,983,,,,,,,,,
,984,,,,,,,,,
,985,,,,,,,,,
,986,,,,,,,,,
,987,,,,,,,,,
,988,,,,,,,,,
,989,,,,,,,,,
,990,,,,,,,,,
,991,,,,,,,,,
,992,,,,,,,,,
,993,,,,,,,,,
,994,,,,,,,,,
,995,,,,,,,,,
,996,,,,,,,,,
,997,,,,,,,,,
,998,,,,,,,,,
,999,,,,,,,,,
,1000,,,,,,,,,
,1001,,,,,,,,,
,1002,,,,,,,,,
,1003,,,,,,,,,
,1004,,,,,,,,,
,1005,,,,,,,,,
rog,1006,yes,yes,3,no,,,entire,no,
,1007,,,,,,,,,
,1008,,,,,,,,,
,1009,,,,,,,,,
,1010,,,,,,,,,
,1011,,,,,,,,,
,1012,,,,,,,,,
,1013,,,,,,,,,
,1014,,,,,,,,,
,1015,,,,,,,,,
,1016,,,,,,,,,
,1017,,,,,,,,,
,1018,,,,,,,,,
,1019,,,,,,,,,
,1020,,,,,,,,,
,1021,,,,,,,,,
,1022,,,,,,,,,
,1023,,,,,,,,,
,1024,,,,,,,,,
,1025,,,,,,,,,
,1026,,,,,,,,,
,1027,,,,,,,,,
,1028,,,,,,,,,
,1029,,,,,,,,,
,1030,,,,,,,,,
,1031,,,,,,,,,
,1032,,,,,,,,,
,1033,,,,,,,,,
,1034,,,,,,,,,
,1035,,,,,,,,,
,1036,,,,,,,,,
,1037,,,,,,,,,
,1038,,,,,,,,,
,1039,,,,,,,,,
,1040,,,,,,,,,
,1041,,,,,,,,,
,1042,,,,,,,,,
,1043,,,,,,,,,
,1044,,,,,,,,,
,1045,,,,,,,,,
,1046,,,,,,,,,
,1047,,,,,,,,,
,1048,,,,,,,,,
,1049,,,,,,,,,
,1050,,,,,,,,,
,1051,,,,,,,,,
,1052,,,,,,,,,
,1053,,,,,,,,,
,1054,,,,,,,,,
,1055,,,,,,,,,
,1056,,,,,,,,,
,1057,,,,,,,,,
,1058,,,,,,,,,
,1059,,,,,,,,,
,1060,,,,,,,,,
,1061,,,,,,,,,
,1062,,,,,,,,,
,1063,,,,,,,,,
,1064,,,,,,,,,
,1065,,,,,,,,,
,1066,,,,,,,,,
,1067,,,,,,,,,
,1068,,,,,,,,,
,1069,,,,,,,,,
,1070,,,,,,,,,
,1071,,,,,,,,,
,1072,,,,,,,,,
,1073,,,,,,,,,
,1074,,,,,,,,,
,1075,,,,,,,,,
,1076,,,,,,,,,
,1077,,,,,,,,,
,1078,,,,,,,,,
,1079,,,,,,,,,
,1080,,,,,,,,,
,1081,,,,,,,,,
,1082,,,,,,,,,
,1083,,,,,,,,,
,1084,,,,,,,,,
,1085,,,,,,,,,
,1086,,,,,,,,,
,1087,,,,,,,,,
,1088,,,,,,,,,
,1089,,,,,,,,,
,1090,,,,,,,,,
,1091,,,,,,,,,
,1092,,,,,,,,,
,1093,,,,,,,,,
,1094,,,,,,,,,
,1095,,,,,,,,,
,1096,,,,,,,,,
,1097,,,,,,,,,
,1098,,,,,,,,,
,1099,,,,,,,,,
,1100,,,,,,,,,
,1101,,,,,,,,,
,1102,,,,,,,,,
,1103,,,,,,,,,
,1104,,,,,,,,,
,1105,,,,,,,,,
,1106,,,,,,,,,
,1107,,,,,,,,,
,1108,,,,,,,,,
,1109,,,,,,,,,
,1110,,,,,,,,,
,1111,,,,,,,,,
,1112,,,,,,,,,
,1113,,,,,,,,,
,1114,,,,,,,,,
,1115,,,,,,,,,
,1116,,,,,,,,,
,1117,,,,,,,,,
,1118,,,,,,,,,
,1119,,,,,,,,,
,1120,,,,,,,,,
,1121,,,,,,,,,
,1122,,,,,,,,,
,1123,,,,,,,,,
,1124,,,,,,,,,
,1125,,,,,,,,,
,1126,,,,,,,,,
,1127,,,,,,,,,
,1128,,,,,,,,,
,1129,,,,,,,,,
,1130,,,,,,,,,
,1131,,,,,,,,,
,1132,,,,,,,,,
,1133,,,,,,,,,
,1134,,,,,,,,,
,1135,,,,,,,,,
,1136,,,,,,,,,
,1137,,,,,,,,,
,1138,,,,,,,,,
,1139,,,,,,,,,
,1140,,,,,,,,,
,1141,,,,,,,,,
,1142,,,,,,,,,
,1143,,,,,,,,,
,1144,,,,,,,,,
,1145,,,,,,,,,
,1146,,,,,,,,,
,1147,,,,,,,,,
,1148,,,,,,,,,
,1149,,,,,,,,,
,1150,,,,,,,,,
,1151,,,,,,,,,
,1152,,,,,,,,,
,1153,,,,,,,,,
,1154,,,,,,,,,
,1155,,,,,,,,,
,1156,,,,,,,,,
,1157,,,,,,,,,
,1158,,,,,,,,,
,1159,,,,,,,,,
,1160,,,,,,,,,
,1161,,,,,,,,,
,1162,,,,,,,,,
,1163,,,,,,,,,
,1164,,,,,,,,,
,1165,,,,,,,,,
,1166,,,,,,,,,
,1167,,,,,,,,,
,1168,,,,,,,,,
,1169,,,,,,,,,
,1170,,,,,,,,,
,1171,,,,,,,,,
,1172,,,,,,,,,
,1173,,,,,,,,,
,1174,,,,,,,,,
,1175,,,,,,,,,
,1176,,,,,,,,,
,1177,,,,,,,,,
,1178,,,,,,,,,
,1179,,,,,,,,,
,1180,,,,,,,,,
,1181,,,,,,,,,
,1182,,,,,,,,,
,1183,,,,,,,,,
,1184,,,,,,,,,
,1185,,,,,,,,,
,1186,,,,,,,,,
,1187,,,,,,,,,
,1188,,,,,,,,,
,1189,,,,,,,,,
,1190,,,,,,,,,
,1191,,,,,,,,,
,1192,,,,,,,,,
,1193,,,,,,,,,
,1194,,,,,,,,,
,1195,,,,,,,,,
,1196,,,,,,,,,
,1197,,,,,,,,,
,1198,,,,,,,,,
,1199,,,,,,,,,
,1200,,,,,,,,,
,1201,,,,,,,,,
,1202,,,,,,,,,
,1203,,,,,,,,,
,1204,,,,,,,,,
,1205,,,,,,,,,
,1206,,,,,,,,,
,1207,,,,,,,,,
,1208,,,,,,,,,
,1209,,,,,,,,,
,1210,,,,,,,,,
,1211,,,,,,,,,
,1212,,,,,,,,,
,1213,,,,,,,,,
,1214,,,,,,,,,
,1215,,,,,,,,,
,1216,,,,,,,,,
,1217,,,,,,,,,
,1218,,,,,,,,,
,1219,,,,,,,,,
,1220,,,,,,,,,
,1221,,,,,,,,,
,1222,,,,,,,,,
,1223,,,,,,,,,
,1224,,,,,,,,,
,1225,,,,,,,,,
,1226,,,,,,,,,
,1227,,,,,,,,,
,1228,,,,,,,,,
,1229,,,,,,,,,
,1230,,,,,,,,,
,1231,,,,,,,,,
,1232,,,,,,,,,
,1233,,,,,,,,,
,1234,,,,,,,,,
,1235,,,,,,,,,
,1236,,,,,,,,,
,1237,,,,,,,,,
,1238,,,,,,,,,
,1239,,,,,,,,,
,1240,,,,,,,,,
,1241,,,,,,,,,
,1242,,,,,,,,,
,1243,,,,,,,,,
,1244,,,,,,,,,
,1245,,,,,,,,,
,1246,,,,,,,,,
,1247,,,,,,,,,
,1248,,,,,,,,,
,1249,,,,,,,,,
,1250,,,,,,,,,
,1251,,,,,,,,,
,1252,,,,,,,,,
,1253,,,,,,,,,
,1254,,,,,,,,,
,1255,,,,,,,,,
,1256,,,,,,,,,
,1257,,,,,,,,,
,1258,,,,,,,,,
,1259,,,,,,,,,
,1260,,,,,,,,,
,1261,,,,,,,,,
,1262,,,,,,,,,
,1263,,,,,,,,,
,1264,,,,,,,,,
,1265,,,,,,,,,
,1266,,,,,,,,,
,1267,,,,,,,,,
,1268,,,,,,,,,
,1269,,,,,,,,,
,1270,,,,,,,,,
,1271,,,,,,,,,
,1272,,,,,,,,,
,1273,,,,,,,,,
,1274,,,,,,,,,
,1275,,,,,,,,,
,1276,,,,,,,,,
,1277,,,,,,,,,
,1278,,,,,,,,,
,1279,,,,,,,,,
,1280,,,,,,,,,
,1281,,,,,,,,,
,1282,,,,,,,,,
,1283,,,,,,,,,
,1284,,,,,,,,,
,1285,,,,,,,,,
,1286,,,,,,,,,
,1287,,,,,,,,,
,1288,,,,,,,,,
,1289,,,,,,,,,
,1290,,,,,,,,,
,1291,,,,,,,,,
,1292,,,,,,,,,
,1293,,,,,,,,,
,1294,,,,,,,,,
,1295,,,,,,,,,
,1296,,,,,,,,,
,1297,,,,,,,,,
,1298,,,,,,,,,
,1299,,,,,,,,,
ars,1300,yes,no,1,no,,,entire,no,
ars,1301,yes,yes,9,no,,,entire,no,
ars,1302,yes,no,20,no,,,overview,no,lab training videos
ars,1303,yes,no,5,no,,,entire,no,
ars,1304,yes,no,301,no,,,entire,no,
ars,1305,no,no,337,no,LoBue,82,private,no,"shared files, but only overview shared"
ars,1306,yes,no,0,no,,,overview,no,
ars,1307,yes,no,13,no,,,overview,no,"shared files, but only overview shared"
ars,1308,no,yes,0,no,,,overview,no,
ars,1309,yes,yes,319,no,,,overview,no,
ars,1310,yes,yes,67,no,,,overview,no,
ars,1311,yes,yes,0,no,Blumberg,314,overview,no,"describes a collection of videos, but no data"
ars,1312,yes,yes,122,yes,,,entire,no,
ars,1313,yes,yes,40,no,,,overview,no,
ars,1314,yes,no,1,no,,,entire,no,
ars,1315,yes,no,4,no,,,entire,no,
ars,1316,yes,yes,1435,no,,,overview,no,
ars,1317,yes,no,1,no,,,entire,no,
ars,1318,no,no,1383,no,Oakes,538,overview,no,
ars,1319,yes,yes,0,no,Franchak,14,private,no,
ars,1320,yes,no,47,yes,,,overview,no,"shared files, but only overview shared"
sr,1321,yes,yes,32,no,,,entire,yes,
sr,1322,yes,yes,2,yes,,,entire,no,
sr,1323,no,no,68,no,,,overview,no,
sr,1324,no,no,7,no,DelPrince,7299,private,yes,
ars,1325,yes,yes,0,no,,,private,no,
ars,1326,yes,yes,96,no,,,overview,no,
ars,1327,no,no,32,no,,,private,no,
ars,1328,yes,yes,0,no,,,overview,no,
ars,1329,no,no,24,no,,,private,no,
ars,1330,yes,no,0,no,,,overview,no,
ars,1331,no,yes,61,no,,,overview,no,"Title makes sense to PI, but likely no one else"
ars,1332,no,no,0,no,,,overview,no,"Title makes sense to PI, but likely no one else"
ars,1333,no,no,12,no,,,overview,no,"paper submission not listed, public files, but private release level and only Volume overview shared"
ars,1334,yes,no,4,no,,,entire,no,no link to paper referened in description
ars,1335,no,no,2199,no,,,overview,no,
ars,1336,yes,no,3,no,,,private,no,
ars,1337,yes,no,50,no,,,overview,no,
ars,1338,no,no,6,no,,,entire,no,
ars,1339,yes,no,0,no,,,overview,no,volume name: 1339 = 1340
ars,1340,yes,no,0,no,,,overview,no,volume name: 1339 = 1340
ars,1341,yes,yes,36,no,,,overview,no,
ars,1342,no,no,5,no,,,overview,no,
ars,1343,no,no,21,no,,,overview,no,
ars,1344,no,no,25,no,,,overview,no,"Title makes sense to PI, but likely no one else"
ars,1345,no,no,77,no,,,overview,no,
ars,1346,no,no,66,no,,,overview,no,"Title makes sense to PI, but likely no one else"
ars,1347,no,no,11,no,,,overview,no,"Title makes sense to PI, but likely no one else"
ars,1348,yes,yes,39,no,,,overview,no,seems that datasets should be shared based upon description
ars,1349,yes,yes,24,no,,,overview,no,
ars,1350,yes,no,16,no,,,overview,no,
ars,1351,yes,yes,1,no,,,entire,no,"title indicates dataset to me, but is only a sample of conducting study"
ars,1352,no,no,0,no,,,overview,no,
ars,1353,yes,no,0,no,,,overview,no,
ars,1354,no,no,2,no,,,private,no,
ars,1355,yes,no,14,no,,,overview,no,paper citation in description
ars,1356,yes,yes,0,no,,,overview,no,
ars,1357,yes,no,17,no,,,overview,no,
ars,1358,yes,yes,74,yes,,,entire,yes,
ars,1359,no,no,22,no,,,private,no,
ars,1360,yes,no,0,no,,,private,no,
ars,1361,yes,yes,103,no,,,overview,no,
ars,1362,no,yes,0,no,,,overview,no,PLAY
ars,1363,no,yes,0,no,,,overview,no,PLAY
ars,1364,yes,no,0,no,,,private,no,
ars,1365,no,no,49,no,,,overview,no,
rog,1366,no,yes,1,no,,,overview,no,
ars,1366,yes,yes,1,no,,,overview,no,
ars,1367,no,no,0,no,,,private,no,
ars,1368,yes,no,2,no,,,entire,yes,paper citations in description
ars,1369,yes,no,0,no,,,private,no,
ars,1370,no,yes,0,no,,,overview,no,PLAY
ars,1371,no,no,61,no,,,overview,no,
ars,1372,yes,yes,1,no,,,overview,no,
ars,1373,no,no,6,no,,,overview,no,max volume_id as of 10/18/2021